PT,a,N,ROR,ROR_CI_lo,ROR_CI_hi,ROR_signal,PRR,PRR_chi2,PRR_p,PRR_signal,EBGM,EB05,EB95,IC,EBGM_signal,SIGNAL_COUNT
ACCIDENTAL EXPOSURE TO PRODUCT,1367,397209,7.932421184479949,7.3967524810702585,8.506882717654724,True,7.645172548209934,4704.709394226922,0.0,True,4.91917908078719,4.705150814860906,5.142943081107093,2.2984175767650044,True,3
ALLERGY TO ANIMAL,16,397209,7.683185548999571,4.058731019215983,14.544284876448602,True,7.67994433264408,54.82939697777793,1.3145966592712192e-13,True,4.412680057646725,2.9432406092645627,6.6157504180463755,2.1416551481796393,True,3
ANOSMIA,91,397209,7.571756518956967,5.798164323282605,9.887870295802404,True,7.553629458751909,307.3959112951061,8.063349652531446e-69,True,4.789378617644111,4.032673773019976,5.6880741746607395,2.2598384903256923,True,3
SNEEZING,117,397209,3.425720717197264,2.783327966587216,4.216377866034998,True,3.4171180884830066,152.9501000380618,3.928063326572496e-35,True,2.823621233506297,2.4260485017571796,3.2863468576711963,1.4975465754394433,True,3
UPPER-AIRWAY COUGH SYNDROME,53,397209,3.486826982295742,2.5599784302903434,4.749244079797469,True,3.48283189787691,71.35044693242901,2.9909012737748786e-17,True,2.837352798685059,2.2658993278207973,3.552925236068843,1.5045455476050498,True,3
DERMATITIS ATOPIC,4305,397209,182.047803806735,161.84135656510446,204.77709513960724,True,158.4228516868237,44386.087015185934,0.0,True,11.242171128263532,10.96383358350016,11.527574795312955,3.4908487757754982,True,3
DRY SKIN,2089,397209,13.248477671470644,12.431466673247225,14.119183618871263,True,12.472900397192744,10454.560718117738,0.0,True,6.378622078390312,6.1531563380620335,6.6123493998111,2.673244804025458,True,3
DRY EYE,922,397209,12.867126410155933,11.700832280520306,14.149672269943013,True,12.535475640244023,4603.287483530372,0.0,True,6.383160213827024,6.046640326272913,6.738408788488153,2.6742708591038915,True,3
SKIN SWELLING,235,397209,26.93090775531169,21.252279668603197,34.126870332719264,True,26.746197885271428,1703.055551083996,0.0,True,8.388265459092858,7.535609873641428,9.337399174329718,3.0683725183797645,True,3
SKIN ULCER,90,397209,3.1303171951532125,2.476492767011504,3.9567592818357533,True,3.124505654200717,101.43556584466462,7.382626833624637e-24,True,2.6317879892883282,2.2138761606637956,3.1285887366371736,1.3960432736012807,True,3
SKIN WARM,27,397209,3.8734924522146947,2.498365946840745,6.005502835298057,True,3.871140771568161,42.57992412975346,6.785223651789716e-11,True,3.009433919378588,2.1991321440528573,4.118303004027522,1.5894921386427245,True,3
SKIN WEEPING,145,397209,22.326906878564614,16.827100991685356,29.624281152791024,True,22.233172178270845,976.1272153527335,2.7759487063572296e-214,True,7.85493978615323,6.853556526024044,9.002636632499918,2.973600216251351,True,3
SKIN WOUND,14,397209,4.41741820056403,2.3765420473240173,8.210914501027498,True,4.415967991270346,26.42744919023285,2.7362431686495206e-07,True,3.1730092082614045,2.059951112154912,4.887488531307697,1.665851708048424,True,3
SLEEP DISORDER DUE TO A GENERAL MEDICAL CONDITION,901,397209,34.40374672244413,30.160318986462062,39.24420657067223,True,33.491474411907255,7062.213205848196,0.0,True,9.014790635550522,8.534177096692872,9.522470565357901,3.1722939861045996,True,3
DRAINAGE,7,397209,7.026682358388641,2.723723418723061,18.127488505730092,True,7.025403622475551,22.10746312062279,2.5780551309923016e-06,True,3.7593484700782707,2.061794235370389,6.85456418348215,1.9104826511491453,True,3
DERMATITIS ALLERGIC,127,397209,5.985446275041952,4.821932135088259,7.429712013306434,True,5.966254626503553,341.12627546293714,3.6273463142824567e-76,True,4.1712134234864315,3.6057267075594575,4.825385514602673,2.0604671307666367,True,3
EYE PRURITUS,581,397209,12.562377807463264,11.153817586405767,14.148818102403593,True,12.358754349364505,2869.7356301149484,0.0,True,6.330096852301237,5.912677554577165,6.776984841409902,2.66222757347127,True,3
EYE SWELLING,136,397209,2.845849509458844,2.356282491581858,3.4371343246921473,True,2.8382402968467253,129.0197021334332,6.714852038998663e-30,True,2.4491806131187683,2.12751476807425,2.819480158582608,1.292299168366067,True,3
EXPOSURE VIA SKIN CONTACT,1360,397209,19.956803131318747,18.263355535246713,21.80727361155397,True,19.175339936550674,8606.963023552695,0.0,True,7.622223820755691,7.289755739069124,7.969854965416775,2.9302119724053037,True,3
EYE ALLERGY,14,397209,11.044182308881949,5.264613294324448,23.16864621439828,True,11.039919978175865,63.91800811323855,1.2970658779169003e-15,True,5.131659171249674,3.3315273682448265,7.904460308769607,2.3594253543175974,True,3
ECZEMA EYELIDS,26,397209,26.11414861492216,12.902380209758066,52.85449248864045,True,26.09435631205205,186.55646231011622,1.7948009467144364e-42,True,7.416508046557689,5.387897766206546,10.208915237710976,2.8907400750238827,True,3
ECZEMA INFANTILE,9,397209,99.38611970165545,12.590723562958306,784.5141496404158,True,99.35927980358281,87.63461611947403,7.873455534703671e-21,True,7.139795596904152,4.186963093850819,12.175096847745992,2.8358827723560753,True,3
ERYTHEMA,950,397209,3.6813078089059217,3.418300423945119,3.9645512398442415,True,3.604097587377001,1360.7811605755276,6.99604819951654e-298,True,2.96013576176375,2.806332089913871,3.122368788628142,1.5656633442095536,True,3
EOSINOPHILIC OESOPHAGITIS,267,397209,123.8130500550055,81.52762432282347,188.03039449822163,True,122.81910975720649,2662.641506003963,0.0,True,10.843306942336019,9.805758186775186,11.99063888851414,3.4387329052442412,True,3
EOSINOPHIL COUNT INCREASED,41,397209,3.4849090696860046,2.452709928951382,4.951499188969322,True,3.481820916193927,55.16359422456429,1.109039712901939e-13,True,2.8226007910356485,2.1865068031308867,3.6437459120396567,1.4970250984937805,True,3
ECZEMA NUMMULAR,15,397209,33.13437045123727,12.041616836555987,91.17434312200147,True,33.1197599345276,116.81820716453386,3.146241909651041e-27,True,7.17213860974378,4.722665969719388,10.892062357828348,2.8424033701998206,True,3
CROUP INFECTIOUS,8,397209,7.361489252038929,3.0089096089705576,18.010352935269896,True,7.359946652117243,26.381250901402108,2.802476542992413e-07,True,3.9331082698594924,2.2371431591861666,6.9147745860236345,1.975669901063285,True,3
ERYTHEMA OF EYELID,64,397209,9.968876092525633,7.109594945084908,13.978080511722082,True,9.951477163426134,271.11531368272375,6.483855377060248e-61,True,5.506843418849604,4.4869138346143105,6.758615288259468,2.461225587595249,True,3
CUTANEOUS T-CELL LYMPHOMA,30,397209,9.207396620248172,5.6709181375149855,14.94928166247637,True,9.199933315146556,119.61563488977247,7.678619959952178e-28,True,5.09883037133043,3.785388675503369,6.868005741086673,2.350166342965282,True,3
DERMATITIS,382,397209,13.447757499163446,11.58219180098213,15.613813418369732,True,13.303625967391739,1974.7248836264428,0.0,True,6.532112072009348,6.005164437362422,7.105298875051461,2.707549543555008,True,3
HYPOSMIA,20,397209,16.994188365999957,8.452866803148732,34.16621188346514,True,16.984492274116718,118.53336508605841,1.3250641509391287e-27,True,6.325438560716845,4.398482737574086,9.096585202803624,2.6611655094412625,True,3
IDIOPATHIC URTICARIA,67,397209,8.927842947540373,6.469339925245338,12.320635585233015,True,8.911742632985337,260.49976667081194,1.3353015001160708e-58,True,5.208914286247164,4.263747293131579,6.3636013525420925,2.380982697441166,True,3
INAPPROPRIATE SCHEDULE OF PRODUCT ADMINISTRATION,1458,397209,2.88508525073695,2.7208284923753934,3.059258210264091,True,2.801776036236799,1372.303372191698,2.1928457298646737e-300,True,2.435868312978853,2.333173923210258,2.5430827848489295,1.2844361409011855,True,3
INFECTION PARASITIC,9,397209,9.938366381662725,4.038100004029168,24.45980194586838,True,9.93592798035828,38.06979759538432,6.825858416770271e-10,True,4.571519692379822,2.6808588530330053,7.795558603979667,2.1926738344749066,True,3
INJECTION SITE DISCOMFORT,111,397209,5.162876464454395,4.12033015513632,6.4692129959511036,True,5.148870241922357,253.28182008781727,5.0002483117820293e-57,True,3.781339724132331,3.235852302240182,4.418783298422579,1.918897470140713,True,3
INJECTION SITE DRYNESS,22,397209,30.379371530831992,13.524149400608973,68.24135014116068,True,30.359779939983635,166.58319529079122,4.125476928299492e-38,True,7.520780133876447,5.316809597389071,10.638359863382476,2.9108823210649737,True,3
EYELID MARGIN CRUSTING,51,397209,10.068231199583659,6.888424110943189,14.71588825769758,True,10.054212837267308,217.69314576661694,2.881237971476065e-49,True,5.486251091717989,4.362389681541495,6.899647495668257,2.4558206521691694,True,3
EYELID IRRITATION,35,397209,10.17808433573313,6.429579917912928,16.11200141655958,True,10.168347348319879,150.64001405372395,1.2562318860221104e-34,True,5.408977165823248,4.104029699183254,7.128855326319827,2.4353558071192354,True,3
EYELIDS PRURITUS,65,397209,22.46713273704671,14.711658094977542,34.31102396244523,True,22.424837455669728,439.03934094096354,1.751955883399086e-97,True,7.654970538272882,6.246980966059233,9.380302943165743,2.9363968252274275,True,3
EYELID SKIN DRYNESS,49,397209,45.14524011899702,24.010450562482223,84.88356768225502,True,45.079673244218114,415.5374448981918,2.2844748567265514e-92,True,8.89251558814331,7.0385336410865555,11.23484485799296,3.15259159826293,True,3
EYELID RASH,31,397209,13.70143567961165,8.089081218545385,23.20774567723941,True,13.689500772938075,162.8082359564789,2.754957376174792e-37,True,6.11508745538159,4.561550444610471,8.197715895293259,2.6123731317114665,True,3
FEAR OF INJECTION,87,397209,5.407538989829453,4.183511859265823,6.989696434530345,True,5.395915944389329,209.41934783512474,1.8388591504892476e-47,True,3.887141737209337,3.260290228128291,4.63451712206287,1.9587097137591587,True,3
HAND DERMATITIS,15,397209,7.530187243615191,3.9060507067218833,14.516892939030235,True,7.52721816693809,50.48640260536884,1.1999329073609718e-12,True,4.337957536665818,2.856431749473854,6.587896102674944,2.1170159308475585,True,3
HAND-FOOT-AND-MOUTH DISEASE,16,397209,5.197292066182046,2.868584080845771,9.416438235700829,True,5.195256460318054,36.86324865010489,1.2671209646107477e-09,True,3.54621245139408,2.3653100518665107,5.316691036128118,1.8262789697930866,True,3
DYSHIDROTIC ECZEMA,32,397209,29.467398889529417,15.176157510383966,57.216564648891165,True,29.43978660846897,239.79750921659232,4.353691279255959e-54,True,7.822825115735374,5.862016569973434,10.439512079314623,2.967689712956427,True,3
ECZEMA,2520,397209,45.625046407218505,41.84235139797356,49.74971028424702,True,42.21638595599876,21190.63561814374,0.0,True,9.527920919244801,9.220788903196148,9.845283087645102,3.2521614390325455,True,3
EYE DISCHARGE,95,397209,6.295442614285048,4.892470539013544,8.100733033284072,True,6.280193999561122,268.9998514526122,1.8745142225523643e-60,True,4.290025108438223,3.625388815067751,5.076508029852914,2.1009860914808356,True,3
EYE DISORDER,121,397209,2.683188037163466,2.199151301010513,3.273762036958964,True,2.677014664046653,102.46973488935298,4.380084774894087e-24,True,2.3367470222097495,2.0127911086785235,2.712843186887431,1.2245015554477927,True,3
INJECTION SITE BRUISING,424,397209,2.6198893573811626,2.35543946653487,2.9140295653687813,True,2.5990705556616143,339.55201692806605,7.98791674550945e-76,True,2.290856255163514,2.115062701928398,2.481260899280641,1.1958869363951534,True,3
INJECTION SITE SWELLING,829,397209,10.727942262228739,9.748568016795499,11.805707769944336,True,10.483497894510645,3663.5744052960345,0.0,True,5.847187887640778,5.5225784014114145,6.190877468509117,2.5477429501697877,True,3
EYELID PAIN,12,397209,6.310457303998649,3.1044813756101157,12.827221866571449,True,6.308525701814781,34.11478632380829,5.1954969078460736e-09,True,3.8569747321444177,2.4220320211947217,6.142055081940021,1.9474696945979035,True,3
EYELID EXFOLIATION,6,397209,9.464327941272007,3.1804675207725666,28.16362776695916,True,9.46278855272217,24.452766236127378,7.615409195736087e-07,True,4.11459750194227,2.158295807614158,7.844111332312865,2.0407513102695845,True,3
HORDEOLUM,42,397209,4.035835619475157,2.8339212638912166,5.747502358290522,True,4.031970774638142,70.17005495830172,5.440609486764821e-17,True,3.1388585735558134,2.4388527416812322,4.039781892691488,1.6502400273825382,True,3
EXFOLIATIVE RASH,17,397209,6.705748685111213,3.6700985782008266,12.2522772807685,True,6.702808558178203,51.32919024634313,7.810557520877481e-13,True,4.129728828935607,2.787043993123024,6.1192647990573175,2.0460470528326558,True,3
BLEPHARITIS,51,397209,10.842829620288637,7.367453556599587,15.957610492066818,True,10.827613824749408,229.72715461611745,6.836688037164747e-52,True,5.687544546320875,4.5224480665190026,7.152799211972642,2.5078059398038897,True,3
SCRATCH,164,397209,13.473464593847206,10.725981352902581,16.924721588531273,True,13.411458343858088,851.1440950687231,4.1005098737918664e-187,True,6.493236824504156,5.711625123795741,7.381808775131477,2.6989378290026895,True,3
UNINTENTIONAL USE FOR UNAPPROVED INDICATION,9,397209,19.877005639439695,6.6610005536136585,59.31471556115912,True,19.87185596071656,57.609032440967226,3.1975387198916014e-14,True,5.7132601591119165,3.350405359243365,9.742505203330694,2.5143142260035964,True,3
UPPER RESPIRATORY TRACT CONGESTION,12,397209,7.3622608326510806,3.546039121349658,15.285472808703254,True,7.3599466521172445,39.57287267558331,3.1604305225983863e-10,True,4.178211185486915,2.623756178183941,6.653609377153069,2.0628854145100233,True,3
SECRETION DISCHARGE,141,397209,5.0063171759747105,4.102053994621049,6.1099175435828865,True,4.989194605521786,310.10665310174375,2.0700986603429806e-69,True,3.7114914936430763,3.232141113201535,4.261933073132498,1.8919990623369272,True,3
MOOD DISORDER DUE TO A GENERAL MEDICAL CONDITION,19,397209,209.87877593109306,28.094699946635757,1567.879374757613,True,209.75847958534146,197.38502322213628,7.771354490901703e-45,True,9.023013089677658,6.216824087449351,13.095877263256673,3.173609278675194,True,3
NASAL CONGESTION,566,397209,5.472758577985866,4.946205165415987,6.055366781454349,True,5.396023063598913,1367.4860994832402,2.442463325116773e-299,True,3.9425063440768913,3.679226950404792,4.224625575591753,1.9791130765277465,True,3
OXYGEN CONSUMPTION INCREASED,17,397209,4.579372217874541,2.601406705189342,8.061273105819437,True,4.577527795829018,33.60494954426813,6.752069704846686e-09,True,3.2911391955569917,2.2211021850248165,4.876676668710091,1.7185870451474796,True,3
LACRIMATION INCREASED,166,397209,3.1706231058119076,2.6672062877604112,3.769056381293059,True,3.1597012351330926,190.87761716530028,2.0453537835126446e-43,True,2.6656828050087524,2.3466184310090474,3.028129636680559,1.4145051214373536,True,3
LACK OF INJECTION SITE ROTATION,48,397209,21.22607412803934,13.087745215203038,34.4250453749402,True,21.196646358097663,316.3949746435518,8.83420605409602e-71,True,7.3897293673923246,5.8350502565071825,9.358634068730119,2.885521529801681,True,3
INJECTION SITE VESICLES,59,397209,5.876787056703248,4.2845808565565076,8.060677874006025,True,5.868065573985371,155.64309629820875,1.0131163722484046e-35,True,4.06985229826137,3.288224269633558,5.037277378744373,2.0249764376285064,True,3
INJECTION SITE WARMTH,63,397209,5.317519278703848,3.9364951463103273,7.183042332946902,True,5.309274493321218,148.8659653825689,3.0678829687625273e-34,True,3.822293128425166,3.10936205463311,4.698688831632426,1.93443842161971,True,3
INJECTION SITE URTICARIA,265,397209,7.477356211906831,6.3965255607910905,8.740816461745974,True,7.425326888874631,882.3739624774123,6.661184731653099e-194,True,4.806771144520451,4.345188883440375,5.317386529236592,2.265068116867708,True,3
OCULAR HYPERAEMIA,381,397209,4.282315355216266,3.803043849343915,4.821986158451643,True,4.244409194434919,684.8590717155251,5.864753359121214e-151,True,3.3332096813100334,3.063980997014371,3.6260951978504794,1.7369120755253036,True,3
OCULAR SURFACE DISEASE,11,397209,15.184619466343237,6.107266737105553,37.75382315247074,True,15.179889969991818,61.35174841261821,4.773671678786956e-15,True,5.533944890775574,3.406948038835945,8.988850344957005,2.4683082770883336,True,3
ODYNOPHAGIA,34,397209,3.7564135085110903,2.545162171462484,5.544103478017842,True,3.7535727925797944,51.270663236667225,8.046924385065325e-13,True,2.9665573342503357,2.241933661317524,3.925389305329697,1.5687896658382918,True,3
NASAL OBSTRUCTION,62,397209,21.42823574964317,13.98426269151657,32.83471552782233,True,21.38984495771574,410.33334729311383,3.1014543821186255e-91,True,7.523448306898823,6.110121841249605,9.263689971688486,2.9113940601738455,True,3
NASAL POLYPS,246,397209,26.051755775145605,20.724693512182895,32.748082791615985,True,25.864955377440598,1760.616896449918,0.0,True,8.312813308004014,7.4859142276348365,9.23105221251801,3.0553368113671167,True,3
NEURODERMATITIS,292,397209,42.230598417760106,32.84496471264296,54.29822982990243,True,41.865670566589,2432.820447456337,0.0,True,9.390637750905078,8.529486663446217,10.338732077118236,3.231223139649492,True,3
PAIN OF SKIN,89,397209,3.124947969583554,2.4691180556056285,3.9549748504063054,True,3.1192154858973082,100.01519799177342,1.5123211221389221e-23,True,2.62809849080376,2.2086438273071427,3.127213900208682,1.3940193432141221,True,3
PARANASAL SINUS DISCOMFORT,35,397209,3.6828195169316666,2.5116996988969866,5.399992523090662,True,3.6799733260586223,51.2505674252692,8.129723256273534e-13,True,2.9271146167769397,2.2209310470138757,3.8578415080779775,1.5494792383391525,True,3
PERIORAL DERMATITIS,15,397209,9.745081984758968,4.866374447787757,19.514861404231937,True,9.741105863096353,62.51002722379208,2.65091499445349e-15,True,4.908441768883691,3.2320807178438455,7.454269463478811,2.2952651000798863,True,3
SKIN BURNING SENSATION,670,397209,9.464292627395508,8.534672823450974,10.495169151751316,True,9.292394956504811,2702.0416301605624,0.0,True,5.484141903501609,5.146580136818234,5.843844187440553,2.4552659016841334,True,3
MILIARIA,18,397209,6.627022108998271,3.693918236703988,11.889115897794902,True,6.623951986905521,53.724333947912484,2.3068824441350396e-13,True,4.12326332046982,2.8128274472685924,6.044203111869159,2.0437865977783383,True,3
SKIN HAEMORRHAGE,302,397209,16.73134739286528,13.992305047247877,20.006566797641415,True,16.5873424547717,1769.9160578419433,0.0,True,7.155074613333976,6.509359023461675,7.864843917481576,2.8389668114978064,True,3
SKIN FISSURES,576,397209,34.407711166028335,29.17341399013348,40.581146522146014,True,33.82443567781542,4523.630114807782,0.0,True,9.01407006062122,8.417179194775622,9.653288492208915,3.1721786632458606,True,3
SKIN EXFOLIATION,1028,397209,11.07120048314157,10.152219566094127,12.073367734014761,True,10.757381741767574,4632.3331849334545,0.0,True,5.927687592615707,5.631301110535291,6.239673479706746,2.567469415177365,True,3
SKIN DISCOMFORT,62,397209,20.778838216658983,13.618671212014535,31.70354221145927,True,20.74166783778496,404.77148676823606,5.037988222286988e-90,True,7.448973437697613,6.049637538524585,9.17198839139991,2.8970416177372855,True,3
SKIN DISCOLOURATION,191,397209,3.1979586986957482,2.7213600870729744,3.7580252195010475,True,3.1852337097153933,222.70524653129797,2.3244293047570714e-50,True,2.684040864254152,2.383216181417819,3.0228375491728734,1.4244066365932466,True,3
LIP ERYTHEMA,9,397209,6.211376659996362,2.7446076254969456,14.057091313867478,True,6.2099549877239255,25.17846839593315,5.226243870104062e-07,True,3.68727876608824,2.1623168199724727,6.287711667996135,1.8825564913571629,True,3
SKIN IRRITATION,254,397209,4.872891363276583,4.202771580339748,5.649859809030113,True,4.843073703724818,539.5297007269673,2.3864107935860623e-119,True,3.652070010927522,3.294251877771022,4.048753968910456,1.8687144223456291,True,3
INJECTION SITE ECZEMA,11,397209,40.49287446937538,11.296036720246342,145.15470544228498,True,40.47970658664484,90.7635948085707,1.6190500483353049e-21,True,6.91605177155653,4.257835862960702,11.23382245026003,2.7899486686170234,True,3
INJECTION SITE EXFOLIATION,14,397209,38.65569942687328,12.723128952055404,117.44462418101755,True,38.63971992361553,114.07592513059808,1.254133098268597e-26,True,7.268073708817989,4.718510264868431,11.195248599990963,2.861573050668199,True,3
INJECTION SITE ERYTHEMA,745,397209,5.030807368802779,4.610976922312365,5.488863468288209,True,4.939784014258871,1627.1716587511985,0.0,True,3.71510189997381,3.4978838952275018,3.945809106477313,1.8934017823845224,True,3
INJECTION SITE IRRITATION,68,397209,3.1854985721691653,2.431747340173484,4.172884651975343,True,3.1809938920167746,78.99978434912124,6.211671440621505e-19,True,2.6602626441667687,2.1807496364494496,3.245213121975552,1.411568688106688,True,3
INJECTION SITE INFLAMMATION,35,397209,4.394478450606318,2.96983064218201,6.5025394305497155,True,4.39087726404722,65.59231406653888,5.545460781844848e-16,True,3.312798727122476,2.5135666035775976,4.36616057470048,1.7280505534934414,True,3
INJECTION SITE PAIN,3092,397209,8.7010598139496,8.295389531878955,9.12656863128406,True,7.979297001524024,11163.626629609478,0.0,True,5.047905609594358,4.900771047242132,5.199457554278853,2.335684933727099,True,3
INJECTION SITE PRURITUS,441,397209,4.843308356616713,4.32864969455133,5.419157818846023,True,4.791933770054682,926.1458547464877,2.0328981625570363e-203,True,3.6333234103000835,3.3597239237417558,3.929203501081871,1.861289789004075,True,3
INJECTION SITE RASH,309,397209,6.3206713220445145,5.494491446092658,7.271079835737398,True,6.270836899368277,874.9347006379343,2.759313344274686e-192,True,4.3379146082854305,3.950683366308619,4.763100811685286,2.117001653882554,True,3
INJECTION SITE REACTION,307,397209,3.1177465361624703,2.745645125161703,3.5402767002456694,True,3.098039701371107,341.8160883142255,2.5666221170867952e-76,True,2.631288466808809,2.3956746663093003,2.89007480561935,1.3957694190934882,True,3
SWELLING OF EYELID,63,397209,3.254374880793439,2.456728307777947,4.3110000528786925,True,3.250069900117194,75.87118024938117,3.0278716466897464e-18,True,2.701346288945998,2.1974933279733415,3.320725337324364,1.433678592576331,True,3
CONJUNCTIVITIS,204,397209,8.294717452005402,6.916257736909872,9.947914063616619,True,8.249610533142407,744.7185810757121,5.646477208592324e-164,True,5.0974366268271565,4.54353634187367,5.718862623602072,2.3497719342476553,True,3
THERAPEUTIC RESPONSE DECREASED,556,397209,8.274247545044119,7.411003959364966,9.238042890282724,True,8.151654060910733,2013.4041347664493,0.0,True,5.095143550452624,4.751952798039426,5.463119879984882,2.3491227934192898,True,3
CONDITION AGGRAVATED,1688,397209,2.7410504890294933,2.5960008834559147,2.8942046327067117,True,2.651968823560675,1432.0066949885013,0.0,True,2.331081109367784,2.2396047747129706,2.4262937817444845,1.2209992035430879,True,3
THERAPEUTIC RESPONSE SHORTENED,940,397209,12.192501838638606,11.111901280017294,13.378187705153408,True,11.873598145864204,4530.583320610083,0.0,True,6.221659645722947,5.896724193089465,6.564500471733373,2.637299474772943,True,3
SENSITIVITY TO WEATHER CHANGE,40,397209,3.1568779616486817,2.2211064795644697,4.486898109764336,True,3.15426285090739,45.794347546752434,1.3134198209906655e-11,True,2.6213141812562832,2.0242291788686275,3.3945207926978727,1.3902902802499921,True,3
SINUS OPERATION,19,397209,5.246407557927939,3.038376550937122,9.059045777388574,True,5.2439619896335365,44.249618422759035,2.890607314714624e-11,True,3.610867180075648,2.4878747086552813,5.24076302829366,1.852345354052728,True,3
SINUS POLYP,7,397209,12.882427843803056,4.329112804877819,38.33509419384973,True,12.879906641205176,35.40246421328058,2.681474156053634e-09,True,4.74761250224108,2.603802272336101,8.656503879310831,2.247202187737011,True,3
CHRONIC RHINOSINUSITIS WITH NASAL POLYPS,9,397209,19.877005639439695,6.6610005536136585,59.31471556115912,True,19.87185596071656,57.609032440967226,3.1975387198916014e-14,True,5.7132601591119165,3.350405359243365,9.742505203330694,2.5143142260035964,True,3
CHRONIC OBSTRUCTIVE PULMONARY DISEASE,340,397209,5.4623997382258995,4.795209522308379,6.22242068075613,True,5.4164109561036,823.5123126101564,4.1701594697359597e-181,True,3.945634261551566,3.6091150072027918,4.31353107198305,1.9802572324172407,True,3
ASTHMA,1506,397209,8.746405478053898,8.171498756775579,9.361759826873849,True,8.392791260541573,5620.790049118714,0.0,True,5.192681305828727,4.977203584182588,5.417487689190326,2.376479684580469,True,3
RASH ERYTHEMATOUS,900,397209,13.573264378292407,12.311848384550029,14.963919318094732,True,13.23026362231462,4647.799873337812,0.0,True,6.543040037018483,6.194016755931519,6.911730241128227,2.70996109861229,True,3
REBOUND EFFECT,91,397209,5.593964539007092,4.346320094215139,7.199754869715742,True,5.581292877855577,227.44809847984322,2.1472518488749203e-51,True,3.976798921083112,3.348478788155331,4.723019215373383,1.991607616985933,True,3
RASH PRURITIC,395,397209,5.026252275680519,4.460878568082773,5.663281695121639,True,4.97804610888067,868.2169432648884,7.965506083114378e-191,True,3.7288284447873816,3.432804266567226,4.050379949148548,1.8987224234060287,True,3
RASH MACULAR,321,397209,7.048624491281834,6.126186642482091,8.109956506151835,True,6.98977182050188,1010.9890791362675,7.339207150628275e-222,True,4.641177020552584,4.234327328351894,5.087118322637913,2.214490724830427,True,3
RASH,2776,397209,4.573187292270998,4.370391666941952,4.7853930732077625,True,4.27252444715129,5145.629868290942,0.0,True,3.3579880255149117,3.2547749419810597,3.4644741281675855,1.7475970856766536,True,3
PERIORBITAL INFLAMMATION,7,397209,12.882427843803056,4.329112804877819,38.33509419384973,True,12.879906641205176,35.40246421328058,2.681474156053634e-09,True,4.74761250224108,2.603802272336101,8.656503879310831,2.247202187737011,True,3
PERIORBITAL ECZEMA,6,397209,66.25138699408822,7.97558054376367,550.3356469859135,True,66.2395198690552,55.07635626309002,1.1593719499929736e-13,True,6.010731209906377,3.152905227039271,11.458920289738403,2.587540506533417,True,3
SCAB,57,397209,3.663179424387888,2.714390053279402,4.943609146757185,True,3.658578132302467,82.75701075992937,9.278613790365178e-20,True,2.9456876717077813,2.3712236239163222,3.6593241446035014,1.5586044709828906,True,3
RHINORRHOEA,431,397209,4.00442152948403,3.5849713149898377,4.472948421859457,True,3.9651712588281653,706.0396958758563,1.4532508635168386e-155,True,3.1735871263399362,2.9319613240681366,3.435125547459819,1.6661144503135012,True,3
RESPIRATORY TRACT CONGESTION,104,397209,3.968501546046389,3.1711160573076995,4.966391717098994,True,3.959143716311345,169.47161344814631,9.651002052857912e-39,True,3.145272145304198,2.6777617000995377,3.694405244372096,1.6531848519835468,True,3
PRODUCT DOSE OMISSION IN ERROR,872,397209,7.758810702228646,7.112668493500668,8.463650958571437,True,7.580165528322326,2969.231184308299,0.0,True,4.890471400001241,4.62556226577276,5.1705520626549175,2.2899735354567987,True,3
PERIORBITAL SWELLING,65,397209,3.006441857574879,2.2849506626080927,3.9557495883352365,True,3.002488696993436,68.30129686455425,1.4032866440797288e-16,True,2.543754791137567,2.0758783698916297,3.117084570698198,1.3469596066836114,True,3
PERIORBITAL IRRITATION,12,397209,22.087510233785135,8.28915049038225,58.855018845853486,True,22.07983995635173,80.50416870131971,2.9009227038510847e-19,True,6.265580783463784,3.934544129225937,9.977649573810725,2.6474482453153514,True,3
PRODUCT USED FOR UNKNOWN INDICATION,15,397209,8.283251455604075,4.24046634737333,16.18035589865429,True,8.2799399836319,54.868095885912425,1.2889648952542648e-13,True,4.549462254750369,2.9957020827571483,6.909100516546991,2.1856960292117913,True,3
PRODUCT USE IN UNAPPROVED INDICATION,2691,397209,6.830308063747551,6.504635872392221,7.172285914374653,True,6.354743243052675,7851.854318052529,0.0,True,4.395734791432702,4.258541434445159,4.537347975605504,2.1361043465631226,True,3
PRODUCT PREPARATION ERROR,265,397209,9.922100365631502,8.404396066469303,11.713878651963974,True,9.850433650560957,1115.2048903301115,1.6376049292108007e-244,True,5.627616949001407,5.08721090974701,6.22542943207025,2.4925241330194985,True,3
PRODUCTIVE COUGH,349,397209,3.4415481881455428,3.050586073393432,3.882615879824192,True,3.4157199223256893,457.07014053439235,2.0868136521922705e-101,True,2.837421036736031,2.5984204251106013,3.0984047315474306,1.5045802438592433,True,3
PRURITUS,5129,397209,10.567578794488313,10.164336268637484,10.986818875945033,True,9.080139443243109,20831.564508256248,0.0,True,5.431242733313465,5.307918152918952,5.557432646535522,2.4412823416863674,True,3
OESOPHAGEAL FOOD IMPACTION,43,397209,47.53230545101372,23.883890411137177,94.59598175157159,True,47.47165590615622,369.14114310977493,2.878687027074917e-82,True,8.87388807358532,6.915040235561952,11.38762564786732,3.1495663565498715,True,3
OFF LABEL USE OF DEVICE,13,397209,4.785456971314209,2.495947127672085,9.175113595318281,True,4.783965323876209,27.148725188859864,1.8838938393554987e-07,True,3.315770142235042,2.1190706611973846,5.188279861288357,1.729343998947191,True,3
ORAL HERPES,159,397209,6.576680059134154,5.4032627069615025,8.00492645758025,True,6.549803270634189,469.78384993494257,3.5711210843918307e-104,True,4.434823827907249,3.893215973654668,5.051777892021576,2.148876795021772,True,3
WHEEZING,310,397209,2.339146991047152,2.0683978528066422,2.645336649475066,True,2.3265636935652747,194.53752066834718,3.25048405355644e-44,True,2.0919716829835715,1.9055154397841396,2.2966728219745502,1.0648633233364482,False,2
SUNBURN,16,397209,3.681273692191054,2.0903745872150017,6.482941420978972,True,3.6799733260586214,23.42434734429472,1.2992370198122156e-06,True,2.837172138785301,1.8923828932207223,4.253655945599737,1.504453685415905,False,2
SNORING,12,397209,2.5001501813332325,1.335971021007027,4.678807272712331,True,2.4996045233605733,8.804344250025215,0.0030051413338018445,True,2.1191084837322096,1.3307187525004056,3.3745829142243604,1.0834574456318942,False,2
ALLERGY TO PLANTS,3,397209,4.731733617419321,1.2235007357529066,18.299378473555564,True,4.731394276361085,6.179927360975,0.012920758110321302,True,2.6304510093857405,1.0918416220529723,6.337249261269473,1.395310180970094,False,2
ANGULAR CHEILITIS,4,397209,3.154524076584282,1.0382794215680717,9.584146563091165,True,3.15426285090739,4.5775669670610775,0.03239317832427206,True,2.2556090820469623,1.038689271773747,4.898262136013461,1.173517056982939,False,2
URTICARIA,656,397209,2.3617608097530716,2.1693194763225856,2.5712737028209065,True,2.334683270690963,417.1053365473794,1.0411399910400964e-92,True,2.09993771278922,1.9693542294479491,2.239179895447535,1.0703465360900641,False,2
ACTIVITIES OF DAILY LIVING DECREASED,25,397209,2.6297874000052,1.699918007337136,4.06830314131412,True,2.628552375756158,20.380505046002966,6.347312825663021e-06,True,2.2571537255864125,1.629618705518949,3.1263404891429563,1.1745046779842305,False,2
ALLERGY TO ARTHROPOD BITE,3,397209,8.280602037104401,1.8531715628256633,37.00055163394937,True,8.2799399836319,10.972845612756926,0.000924566779420385,True,3.2365475745649723,1.3434188057696768,7.797449430835447,1.6944557104499292,False,2
FOOD ALLERGY,57,397209,2.738984688745079,2.0490363799157043,3.6612513075480893,True,2.7359801685044536,50.35136843826497,1.2854043605862472e-12,True,2.362621982375854,1.9018666210955302,2.9350021550881555,1.2403888177255087,False,2
FUNGAL SKIN INFECTION,15,397209,2.2690537078024366,1.3016238475773159,3.9555242772133994,True,2.268476707844356,8.8279190756703,0.002966564725904094,True,1.9848844828628422,1.3069945954900175,3.014370850426201,0.9890550472420976,False,2
EXCESSIVE EYE BLINKING,4,397209,3.3971891024669394,1.10762581227515,10.419487944411689,True,3.3968984548233436,5.173562693364412,0.022933136567015587,True,2.353594008307311,1.083810517521616,5.111045396207456,1.234865478950311,False,2
FACIAL DISCOMFORT,13,397209,4.101763946527122,2.1699648186902056,7.753336518692975,True,4.100541706179607,22.225757196323137,2.4240005619496e-06,True,3.0088678284509496,1.9229329130737804,4.708061080828654,1.589220734312857,False,2
EYE INFECTION,48,397209,2.5499288981667636,1.8626715384199004,3.4907589725785537,True,2.5476738411175077,36.69100902088848,1.3841635686309827e-09,True,2.228594031408325,1.7597340211131898,2.822376164374528,1.1561338340869842,False,2
EXPOSURE VIA EYE CONTACT,4,397209,5.520508078940188,1.6622415428198545,18.334284557672575,True,5.519959989087933,9.869953439134447,0.0016799975985141435,True,3.0066459600687305,1.3845355241747723,6.5292076449867205,1.588154997035878,False,2
EXPOSURE TO FUNGUS,5,397209,5.018754512933862,1.7436425479343338,14.445562188725958,True,5.018145444625393,11.060334511104962,0.0008819423035752108,True,3.0072515986760466,1.491222442341243,6.0645292888303794,1.5884455745888757,False,2
EXPOSURE TO ALLERGEN,4,397209,4.014881895622794,1.2783356956877003,12.609580323991544,True,4.014516355700315,6.6401803578784655,0.009970384002154685,True,2.5775329700873653,1.186932551824655,5.59734940428937,1.3659908817067972,False,2
EYE INFLAMMATION,48,397209,2.7061362018625865,1.9732323903273763,3.7112573151185138,True,2.703653872206335,41.41770050551876,1.2293915214041452e-10,True,2.3355580049169484,1.8441945108048126,2.9578394048852963,1.2237672757383449,False,2
EYE IRRITATION,330,397209,2.095149905866779,1.8616113664498792,2.35798577896777,True,2.084195419220844,157.3854211795621,4.216294334008174e-36,True,1.909383609170403,1.7441977824796095,2.090213508806141,0.9331069798764123,False,2
ECZEMA ASTEATOTIC,6,397209,6.624974988631196,2.4076332377933283,18.22964266775772,True,6.623951986905519,17.906668542402034,2.320067525032054e-05,True,3.554024616617146,1.8642495229682674,6.775429372463705,1.8294536740926706,False,2
ECZEMA HERPETICUM,6,397209,3.154654713181316,1.27316427767968,7.816623929736828,True,3.1542628509073904,6.866506039601328,0.008782619842450866,True,2.3700658596801887,1.2432086507374172,4.518318124547883,1.244927149466927,False,2
CUTANEOUS T-CELL LYMPHOMA STAGE III,4,397209,inf,,inf,False,inf,44.16012461687298,3.02582702989134e-11,True,5.40717128220021,2.489957522412352,11.74216869640588,2.4348740571905783,True,2
DANDRUFF,10,397209,3.2477165997535122,1.6044398548515701,6.574047060985217,True,3.247035287698784,12.017306231323255,0.0005270882681775777,True,2.5273742681606595,1.521235606678163,4.198968695788629,1.3376393227067325,False,2
COUGH,1142,397209,2.33002285239998,2.18395760038165,2.4858570934515445,True,2.283983444760297,694.6598912535486,4.3346317533753597e-153,True,2.062922525368151,1.9649294039735206,2.1658026680579208,1.0446896407270718,False,2
CONJUNCTIVITIS ALLERGIC,9,397209,2.366069804308844,1.1516593157773554,4.861061116050036,True,2.365697138180543,5.844226552999838,0.01562824181073817,True,2.005950895345416,1.1763421309329976,3.420636640248216,1.0042862899437393,False,2
DYSPHAGIA,300,397209,2.0540141867112593,1.8149963458591711,2.324508415037037,True,2.0444296255881236,135.71429360518783,2.3040913808479123e-31,True,1.8784831043300019,1.7084209430538164,2.065473844488058,0.9095681399834433,False,2
EYE ULCER,3,397209,4.140255547471808,1.0983218068213696,15.607188978593232,True,4.13996999181595,5.196182378398818,0.02263655081956104,True,2.475900057969156,1.027690964662885,5.964907066262404,1.307953079987422,False,2
SUPERFICIAL INJURY OF EYE,5,397209,3.0669576992259344,1.1385926067999392,8.261277539187462,True,3.066644438382185,5.4501433359472475,0.019566721262317163,True,2.28186254925462,1.1315197721682377,4.601684231918676,1.190211891766379,False,2
SKIN TIGHTNESS,15,397209,2.7155144128665856,1.5434096172892846,4.777745611976467,True,2.7147344208629183,13.042384143952109,0.0003045201916433568,True,2.2752846951712,1.4982155513154878,3.455390941266612,1.1860470739330382,False,2
SKIN TEXTURE ABNORMAL,5,397209,2.905530895084677,1.084812621675052,7.7820903016929845,True,2.9052420995199646,4.94602850667912,0.026150675340446284,True,2.2058510372444755,1.0938275243244855,4.4483967447404344,1.141335367953343,False,2
SKIN PAPILLOMA,12,397209,2.0385168183949225,1.101088099416298,3.774040261702831,True,2.038139072894006,5.357538912875672,0.02063287162184948,True,1.8128050139626637,1.138371935757736,2.8868087093703116,0.8582237565673297,False,2
DERMATITIS CONTACT,44,397209,2.5059078013141383,1.8061156008080033,3.4768394148623494,True,2.5038993764934956,32.41592618914034,1.2446224491590873e-08,True,2.1956254687230703,1.7157855662055577,2.809658324359546,1.1346319794348378,False,2
DERMATITIS PSORIASIFORM,9,397209,2.114331221285111,1.0361388082945198,4.314476475076968,True,2.114027229863464,4.435010054906123,0.03520901234360247,True,1.8442327246388923,1.0815063610340836,3.1448676264621658,0.8830207216551356,False,2
INJECTION SITE SCAB,7,397209,3.0916213921901528,1.3370806937439264,7.14850111692535,True,3.0911775938892427,7.737148574867732,0.0054096156416510175,True,2.375052468814689,1.3025846174888869,4.3305242161520265,1.2479593853015294,False,2
INJECTION SITE SCAR,12,397209,2.3661940715520267,1.2683236783984468,4.414389228558624,True,2.3656971381805425,7.792635627602653,0.005245961378488213,True,2.0332218465044427,1.2767852424297472,3.237812389839242,1.0237676374110418,False,2
IMPAIRED QUALITY OF LIFE,68,397209,2.5138713753597757,1.931415659353731,3.2719778682791816,True,2.5107510318259494,50.40778758396192,1.2489761421469169e-12,True,2.210966186713368,1.812438977951887,2.697123344982276,1.1446769615476426,False,2
EYELID CYST,3,397209,5.520371044016006,1.3805334291789035,22.07443573585582,True,5.5199599890879325,7.402409169493738,0.006513658493362094,True,2.8055813700056604,1.1645343338076106,6.759171108323227,1.4882997557597921,False,2
INJECTION SITE DISCOLOURATION,49,397209,2.427932855490272,1.7817546942808895,3.3084565286627705,True,2.425812013141782,33.689683644450426,6.464259887559697e-09,True,2.143644790622576,1.69672077870231,2.7082906309886945,1.1000658660274751,False,2
INITIAL INSOMNIA,44,397209,2.545288585809003,1.8336286787258804,3.533154809484795,True,2.5432276389515085,33.508111299111484,7.096741319362401e-09,True,2.2229546426490283,1.737142123973013,2.8446304278046726,1.1524785117958973,False,2
INGROWN HAIR,4,397209,7.360717858550338,2.0770169618863887,26.0855680947229,True,7.359946652117243,13.19029335959683,0.0002814028443498462,True,3.382008440638809,1.557386832806985,7.344341721405651,1.757880260354802,False,2
INFLUENZA,672,397209,2.030421746754833,1.8687267955738056,2.2061076447662704,True,2.0094328887687385,291.4912138250811,2.3530824494520905e-65,True,1.8528167512863003,1.7389359291519046,1.9741554914685049,0.8897202018812956,False,2
NASAL INFLAMMATION,9,397209,4.517290422875288,2.0798384967872874,9.811296788727425,True,4.516330900162854,17.487636289540628,2.891821738899485e-05,True,3.08966405761609,1.8118599063599499,5.268632500457946,1.627449980926006,False,2
NASAL DISCHARGE DISCOLOURATION,11,397209,3.196498675433277,1.6337766028996565,6.253978520632688,True,3.1957663094719613,12.871554515615442,0.00033361437372865873,True,2.516524544483183,1.549286906669559,4.087619766050865,1.3314326689778648,False,2
NOCTURNAL DYSPNOEA,6,397209,3.8969692106037503,1.5363493614436394,9.884710736706177,True,3.896442345238541,9.549024457024995,0.0020005571311610838,True,2.6967466491190963,1.4145677637348009,5.141105768121047,1.4312199912701742,False,2
LACK OF ADMINISTRATION SITE ROTATION,4,397209,6.309169413058824,1.846805394948508,21.553769981155426,True,6.30852570181478,11.370965591421974,0.000746010856277365,True,3.183300074531772,1.4658832785209894,6.912828267430768,1.6705231593721301,False,2
INTERCEPTED PRODUCT STORAGE ERROR,25,397209,2.422112734970959,1.5708860304789796,3.734599447115653,True,2.4210350829333036,17.10765885647264,3.531958708019193e-05,True,2.1170738115400543,1.528483880004074,2.9323184772460844,1.0820715696225156,False,2
NASAL DRYNESS,29,397209,3.0802678375565336,2.0406550320710353,4.649511946884966,True,3.078439224683655,31.832387571182622,1.6806675323598193e-08,True,2.5548679440280875,1.887270278009832,3.458619725790172,1.3532487230926735,False,2
MOLLUSCUM CONTAGIOSUM,5,397209,7.88670085144347,2.502935106532712,24.85084417802754,True,7.885657127268475,17.536899588931774,2.8178554143722344e-05,True,3.6747895067506704,1.8222381478687268,7.410709700441233,1.8776616142308629,False,2
PERIORBITAL DERMATITIS,3,397209,6.624463441251364,1.5830342215901143,27.721141644301344,True,6.623951986905519,8.953153942666674,0.00276990951023451,True,3.00569473496457,1.2475969341797941,7.24128169305985,1.5876984933806126,False,2
SKIN DEPIGMENTATION,11,397209,4.671959695852965,2.308304339406268,9.455948692315339,True,4.6707353753820975,22.301067755615442,2.3307697219651635e-06,True,3.218484623977865,1.9814454415624425,5.227821598062154,1.6863815765176964,False,2
SKIN EROSION,19,397209,2.9977002131678825,1.8052515097968878,4.977814182267501,True,2.9965497083620205,19.88372385491385,8.22980147147596e-06,True,2.470832860815678,1.7023950971270339,3.5861328761986138,1.3049974230390933,False,2
SKIN HYPERTROPHY,13,397209,2.990762781248105,1.6202991625409926,5.520376866498939,True,2.98997832742263,13.550337359306937,0.0002322496742019055,True,2.4252315240390847,1.5499376460812413,3.7948287533140186,1.2781224803467888,False,2
SKIN HYPOPIGMENTATION,13,397209,3.681029777427376,1.964797125327581,6.896376245485353,True,3.6799733260586223,19.03170716156474,1.2856431109528095e-05,True,2.8014310891621363,1.7903624725953355,4.38347891415952,1.486164004955469,False,2
INJECTION SITE MASS,142,397209,2.5188268229685016,2.0984685210003726,3.0233899153660295,True,2.512289482213098,105.507340008743,9.454704314872993e-25,True,2.2223370972355574,1.9362564672034996,2.5506859537478306,1.152077669842927,False,2
INJECTION SITE NODULE,30,397209,2.3669401500474585,1.595377659511644,3.5116485682904823,True,2.3656971381805425,19.486593922648318,1.0130820625451393e-05,True,2.086226808352467,1.5488217414081902,2.810098915535217,1.0608960118834492,False,2
SKIN MASS,29,397209,2.053218624710039,1.381122673472565,3.0523767380174904,True,2.05229281645577,13.200399465387042,0.00027988945392791714,True,1.8593744830460528,1.3735121636111198,2.517104369220299,0.894817362201658,False,2
INJECTION SITE INDURATION,28,397209,2.2410370520834295,1.4926215958143003,3.364715533323701,True,2.2399837636878566,15.984449834531532,6.386490916021332e-05,True,1.994755256307344,1.4657757613703242,2.714636602290275,0.9962117478652803,False,2
MASS EXCISION,3,397209,6.624463441251364,1.5830342215901143,27.721141644301344,True,6.623951986905519,8.953153942666674,0.00276990951023451,True,3.00569473496457,1.2475969341797941,7.24128169305985,1.5876984933806126,False,2
LIP PRURITUS,6,397209,4.416589358799454,1.7134874495893764,11.383953567290554,True,4.415967991270347,11.325251216472738,0.000764601825182982,True,2.8963580956355366,1.5192731566595923,5.52164709906286,1.5342399832427738,False,2
SKIN HYPERPIGMENTATION,33,397209,2.870511646175304,1.9568988468297244,4.21066072177262,True,2.8686406242504217,31.896870840493403,1.6257885044135074e-08,True,2.429450767819736,1.8284205345844,3.228048975396943,1.2806301969162044,False,2
MEIBOMIAN GLAND DYSFUNCTION,5,397209,3.45034635906142,1.26391014803121,9.41909519124648,True,3.449974993179958,6.628282493312192,0.010037199868738982,True,2.450764542460839,1.2152741354334096,4.942297928887664,1.293231883738979,False,2
LICHENIFICATION,5,397209,6.900844297580792,2.257402953714331,21.095769340204264,True,6.899949986359916,15.523211351084164,8.1498362762187e-05,True,3.4815825016434587,1.7264315242525792,7.021081662070336,1.7997432107657896,False,2
KERATOCONUS,4,397209,11.041137417770637,2.7611657188911023,44.15045234121374,True,11.039919978175867,18.26136848340851,1.925731790500888e-05,True,3.8644646592401615,1.7795539194490497,8.392039678763867,1.9502685727653208,False,2
NASAL OPERATION,4,397209,3.680298299330039,1.1868837380244937,11.411897507834976,True,3.6799733260586214,5.855379139391887,0.015529512227568877,True,2.460478580734947,1.1330299765060419,5.343155054841724,1.2989389573938908,False,2
LICE INFESTATION,3,397209,8.280602037104401,1.8531715628256633,37.00055163394937,True,8.2799399836319,10.972845612756926,0.000924566779420385,True,3.2365475745649723,1.3434188057696768,7.797449430835447,1.6944557104499292,False,2
OTORRHOEA,8,397209,4.015247524206685,1.787489546596324,9.019472427879242,True,4.014516355700315,13.280862266470177,0.00026812914780308036,True,2.841183606131102,1.6160588604074066,4.995068237621685,1.5064920659856382,False,2
PARADOXICAL SKIN REACTION,3,397209,16.561295016369588,2.7671165899300463,99.11996249719353,True,16.5598799672638,17.544541101808125,2.806553631164629e-05,True,3.8239449113556376,1.5872343562979805,9.212599656164135,1.935061739666333,False,2
PAROSMIA,28,397209,2.1181939567776076,1.4134593213935678,3.1743012130731674,True,2.117244927321399,13.857267735376352,0.00019723246270117605,True,1.9061092969846887,1.4006373950931992,2.5939994639438466,0.9306308462661816,False,2
PARANASAL SINUS HYPERSECRETION,12,397209,4.274708538864908,2.1951390785661147,8.324362347091345,True,4.273517410906787,21.695283729625334,3.19576010550434e-06,True,3.0701575391065203,1.9279410383106317,4.88908484628351,1.6183126865584472,False,2
PEMPHIGOID,48,397209,2.2664415692373074,1.6610362436093287,3.092501687744641,True,2.264598969882229,28.146912752892398,1.1244689331354228e-07,True,2.0274154574691727,1.6008801536566557,2.567595973874822,1.019641755807299,False,2
SINUSITIS BACTERIAL,6,397209,3.154654713181316,1.27316427767968,7.816623929736828,True,3.1542628509073904,6.866506039601328,0.008782619842450866,True,2.3700658596801887,1.2432086507374172,4.518318124547883,1.244927149466927,False,2
REBOUND ECZEMA,58,397209,inf,,inf,False,inf,640.40887049876,2.7228051138252246e-141,True,11.001808168004802,8.872757345795515,13.641732580789405,3.459668747785918,True,2
REBOUND ATOPIC DERMATITIS,39,397209,inf,,inf,False,inf,430.59915756436556,1.2035985621508322e-95,True,10.56368862285125,8.13100207318926,13.72420229586621,3.4010417769982886,True,2
PRURIGO,4,397209,14.721556976990936,3.2946361383058345,65.7809332287098,True,14.719893304234485,21.922378187450267,2.839038773460016e-06,True,4.161275453012108,1.9162328279050282,9.036591558016742,2.0570257898346376,False,2
OESOPHAGEAL DISCOMFORT,6,397209,7.3611035319084435,2.6199040118005024,20.682378042635346,True,7.3599466521172445,19.785689104588066,8.662886957720075e-06,True,3.723103179015083,1.9529390125741493,7.097762496598148,1.8965055984055768,False,2
OESOPHAGEAL IRRITATION,4,397209,4.014881895622794,1.2783356956877003,12.609580323991544,True,4.014516355700315,6.6401803578784655,0.009970384002154685,True,2.5775329700873653,1.186932551824655,5.59734940428937,1.3659908817067972,False,2
RESPIRATION ABNORMAL,37,397209,2.7251150088001457,1.9013411326406164,3.905796642012424,True,2.7231802612833804,32.37732136876522,1.269595490349025e-08,True,2.339120779048548,1.788089529971637,3.059962002609275,1.2259663562759455,False,2
RHINALGIA,11,397209,2.2917348421570534,1.1969923751329699,4.387704296088922,True,2.291304146413859,6.630295917502659,0.010025860731024832,True,1.9774230058200581,1.2173914927952145,3.2119509353300493,0.9836215221144644,False,2
ROSACEA,26,397209,2.7613681177005915,1.7964634637625747,4.24453602050048,True,2.7599799945439667,23.351512963971818,1.3493733196422225e-06,True,2.34566955796235,1.7040671556299294,3.2288432160511564,1.229999790575934,False,2
PHARYNGITIS STREPTOCOCCAL,48,397209,2.8517057321884427,2.075920560157012,3.9174069273543615,True,2.849011607271191,45.812005412003536,1.301633763906953e-11,True,2.4328648291087007,1.921029558643695,3.0810724645449916,1.2826561658201667,False,2
POST INFLAMMATORY PIGMENTATION CHANGE,4,397209,5.520508078940188,1.6622415428198545,18.334284557672575,True,5.519959989087933,9.869953439134447,0.0016799975985141435,True,3.0066459600687305,1.3845355241747723,6.5292076449867205,1.588154997035878,False,2
TINEA INFECTION,6,397209,3.8969692106037503,1.5363493614436394,9.884710736706177,True,3.896442345238541,9.549024457024995,0.0020005571311610838,True,2.6967466491190963,1.4145677637348009,5.141105768121047,1.4312199912701742,False,2
TRANSIENT ACANTHOLYTIC DERMATOSIS,3,397209,6.624463441251364,1.5830342215901143,27.721141644301344,True,6.623951986905519,8.953153942666674,0.00276990951023451,True,3.00569473496457,1.2475969341797941,7.24128169305985,1.5876984933806126,False,2
SEBORRHOEIC DERMATITIS,13,397209,3.7779093558385015,2.012355917395637,7.092482486598832,True,3.776814729375954,19.77792226321989,8.698161169050404e-06,True,2.850561798648749,1.8217613454275503,4.4603551328555415,1.5112462786636223,False,2
SCABIES,8,397209,3.6806233514234608,1.6534038630379717,8.193393373444993,True,3.6799733260586214,11.71123003855954,0.000621240415479182,True,2.6917261313233145,1.531047784074279,4.732307927560585,1.4285316309433505,False,2
SINUS HEADACHE,15,397209,2.2085334788937407,1.2685092858546572,3.8451591815571113,True,2.2079839956351734,8.262945090508778,0.0040462434207445,True,1.9435413187313761,1.279771201611525,2.951584512028044,0.9586877789892813,False,2
SINUS CONGESTION,53,397209,2.4505133392495244,1.8193862152920737,3.300572234398206,True,2.448183091394648,37.18890147943991,1.0722228466453838e-09,True,2.161384488663088,1.7260735648713386,2.706479609507037,1.1119557360321315,False,2
SINONASAL OBSTRUCTION,4,397209,5.520508078940188,1.6622415428198545,18.334284557672575,True,5.519959989087933,9.869953439134447,0.0016799975985141435,True,3.0066459600687305,1.3845355241747723,6.5292076449867205,1.588154997035878,False,2
SENSITIVE SKIN,50,397209,2.2641946530334165,1.6698716080811242,3.070042871569117,True,2.2622786840524314,29.24815408302193,6.36768595127515e-08,True,2.0265850276094812,1.6078028087343303,2.5544468835478695,1.01905070651584,False,2
SINUSITIS,365,397209,2.1322377472802967,1.9052107925158632,2.3863174766731747,True,2.1197110952310316,182.15245357517875,1.642356584681745e-41,True,1.9368627166657526,1.7771752876017162,2.1108988006874516,0.9537217004541,False,2
SWEATING FEVER,3,397209,33.122680974899964,3.445183472261467,318.4480605454781,True,33.1197599345276,23.36270031116126,1.3415480913739905e-06,True,4.2055776639334965,1.7456416112198097,10.13202445089355,2.0723039778058703,False,2
TEETHING,5,397209,6.900844297580792,2.257402953714331,21.095769340204264,True,6.899949986359916,15.523211351084164,8.1498362762187e-05,True,3.4815825016434587,1.7264315242525792,7.021081662070336,1.7997432107657896,False,2
T-CELL LYMPHOMA,6,397209,2.8803210945686772,1.1727323703082935,7.074290620660829,True,2.87997912474153,5.840224087959918,0.01566383160324292,True,2.2347107159039714,1.1722086466754598,4.260275675272911,1.1600880861099114,False,2
CHAPPED LIPS,16,397209,2.804664428318712,1.620059036671849,4.855466607955259,True,2.8037892008065692,14.80969217327112,0.0001189227306844638,True,2.336612245705586,1.558511371733838,3.5031870063978694,1.2244183427594064,False,2
CHEILITIS,14,397209,2.1471379041958536,1.2110956073629546,3.806636859721452,True,2.1466511068675294,7.180542300464449,0.007369842815627817,True,1.8971844771966022,1.2316722131120303,2.922294505143926,0.923859969417122,False,2
BLISTER,204,397209,2.069012879334043,1.7809520486690862,2.4036662289976984,True,2.062402633285602,94.37825530936162,2.6063976077777906e-22,True,1.8910337100804504,1.6855492308114692,2.1215687013419626,0.9191750813904853,False,2
BLEEDING TIME PROLONGED,3,397209,8.280602037104401,1.8531715628256633,37.00055163394937,True,8.2799399836319,10.972845612756926,0.000924566779420385,True,3.2365475745649723,1.3434188057696768,7.797449430835447,1.6944557104499292,False,2
ASTHENOPIA,18,397209,1.8576507371791875,1.1273399841495433,3.0610696949116787,True,1.8571828000669681,6.0978284914886,0.013534810170507689,False,1.7000350146252863,1.1597379984722391,2.492044802152939,0.7655644610135872,False,1
BLOOD PRESSURE MEASUREMENT,3,397209,3.6802170486237418,0.9962634657623666,13.59479494173424,False,3.6799733260586223,4.391490129291917,0.03611873210853171,True,2.33850241338679,0.9706602628585964,5.633890400860569,1.2255849176511695,False,1
BRONCHITIS,167,397209,1.6006719942418597,1.360371421721057,1.8834200661968765,True,1.5976314006545662,32.723250209047556,1.0625857941739851e-08,False,1.5197108236119077,1.3383215849285985,1.7256846287257626,0.6037968282536648,False,1
CHEST DISCOMFORT,250,397209,1.3643694127929076,1.195808940987536,1.5566900620659148,True,1.361608285418829,21.495722281608153,3.546188384360465e-06,False,1.3210571994068199,1.1906474952471544,1.465750468607271,0.4016929340442583,False,1
CHOKING,45,397209,1.4575049761513241,1.0678641846450823,1.989317355195236,True,1.4568809355364047,5.701430634109919,0.016951090683485347,False,1.3974195574690906,1.0950021617521635,1.7833585063178081,0.48276523664221577,False,1
CHRONIC SINUSITIS,15,397209,1.9956189386366427,1.1513530748748702,3.4589693076366346,True,1.9951662611161205,6.307578065215844,0.012022296020999012,False,1.7940668279559318,1.1813461530538614,2.724583116346855,0.8432336308173418,False,1
SWELLING,200,397209,1.196635474657243,1.0337292705094558,1.3852141949143608,True,1.1954434194018262,5.796102175051584,0.016061742649103195,False,1.175830728716876,1.0468660243308583,1.320682752579141,0.2336803863496542,False,1
SYMPTOM RECURRENCE,32,397209,1.8408022088048788,1.2659059019051575,2.6767809256922113,True,1.8399866630293107,10.523937921697977,0.0011783811521776256,False,1.7011454106386186,1.2747495230385741,2.2701681042709945,0.7665064650701042,False,1
THERAPEUTIC RESPONSE UNEXPECTED,85,397209,1.820705985619361,1.447028897461879,2.2908805013394695,True,1.8185914692731562,26.930911006919995,2.1085942154925284e-07,False,1.6958472966070863,1.4194644758017605,2.026044400854175,0.762006267574405,False,1
TOOTHACHE,59,397209,1.9577346385617975,1.4839452454740314,2.582794026069585,True,1.9560218579951236,23.44233830165768,1.287143211686889e-06,False,1.7998475220215189,1.45418110285704,2.2276806486911633,0.8478746906987586,False,1
UPPER RESPIRATORY TRACT INFECTION,133,397209,1.4896226573922864,1.2425037717011098,1.7858904833572145,True,1.4876487913854002,18.78845029670218,1.460488947851528e-05,False,1.4274430065183341,1.2380189886331747,1.6458499874123016,0.5134331442887677,False,1
ARTHROPOD BITE,17,397209,1.7221945230131275,1.0329075879844467,2.871461115784808,True,1.7218223819173368,4.451588377072079,0.03486880029719246,False,1.5959601838653252,1.077071020387505,2.3648291155090773,0.6744246595448595,False,1
SCAR,41,397209,1.84103186646434,1.3224784418016142,2.5629138640020392,True,1.839986663029311,13.48593562854101,0.0002403582577483885,False,1.7051967351060509,1.3209180249035326,2.2012690042810843,0.7699381981280581,False,1
SINUS DISORDER,61,397209,1.8216140707971864,1.3890751395292587,2.3888396880033596,True,1.8200949153208863,19.37135442529532,1.0760914252641853e-05,False,1.694327825841878,1.3737213355242197,2.089759187096393,0.7607130405254465,False,1
SINUS PAIN,11,397209,1.991135710664188,1.0476690891738591,3.7842305927041227,True,1.99080524196614,4.596386800002942,0.03203941263558233,False,1.7746622757610704,1.092562770200075,2.882604349068863,0.827544500987571,False,1
RASH PAPULAR,37,397209,1.4751792729784807,1.0465785690862954,2.079302932148886,True,1.4746463508754768,4.990541939675021,0.02548622561166928,False,1.4108401213380257,1.078485759275143,1.8456153276561595,0.49655450868539475,False,1
RESPIRATORY SYNCYTIAL VIRUS INFECTION,54,397209,1.4477126234815452,1.0899122015127136,1.9229730957034068,True,1.446979802964798,6.599760819484585,0.010199246780788372,False,1.3901438380397177,1.1124672601721877,1.737129675295509,0.4752341661793392,False,1
RESPIRATORY TRACT INFECTION,105,397209,1.7094621156121335,1.3914337604493026,2.1001795470087594,True,1.707204120336474,26.69347842779589,2.384248769563761e-07,False,1.607822108336476,1.369883693961634,1.8870886217935752,0.6851077935703556,False,1
PERIORBITAL PAIN,4,397209,2.9442143874859794,0.977097179909242,8.871582620149011,False,2.9439786608468976,4.053841392533961,0.04407095154660846,True,2.165456696390442,0.9971748460022127,4.702487956592321,1.114671322473633,False,1
PHARYNGEAL SWELLING,39,397209,1.4167982376279373,1.0149437193356428,1.9777621240511443,True,1.4163055235159827,4.233374156288593,0.039636569223144964,False,1.3626064227181034,1.048815053493262,1.770279952646155,0.4463689121147012,False,1
PRODUCT DOSE OMISSION ISSUE,2841,397209,1.9913232452225986,1.9103318425471996,2.0757484006948848,True,1.905956043874431,1096.5677927268741,1.8401637086105408e-240,False,1.7723357634660015,1.7184772699619055,1.8278822265308443,0.8256519438477709,False,1
OROPHARYNGEAL PAIN,258,397209,1.7511557413727108,1.5349132524558353,1.9978630229664027,True,1.7452814671380965,71.24011550078066,3.162914547982088e-17,False,1.6415013449417344,1.4818586497130586,1.8183425699659548,0.715015931963879,False,1
NASOPHARYNGITIS,741,397209,1.9549348166632772,1.8066540678715655,2.1153856764093977,True,1.933486339831793,287.7898421916135,1.5070787518976569e-64,False,1.793403950882707,1.6882715522891012,1.9050831761518314,0.8427004811215812,False,1
NODULE,30,397209,1.4923287718409226,1.0190929333152978,2.1853209756044985,True,1.4918810781318739,4.288795422298495,0.038364337186316065,False,1.4232137674538594,1.05659864827678,1.917035793272765,0.5091523716911082,False,1
INTENTIONAL DOSE OMISSION,256,397209,1.9812310299484688,1.7336664749034016,2.2641473725500654,True,1.9736169793387024,104.75469086970189,1.3823243981647738e-24,False,1.823024254343498,1.6450726645759095,2.0202253088810673,0.8663337557754627,False,1
SKIN ATROPHY,17,397209,1.7221945230131275,1.0329075879844467,2.871461115784808,True,1.7218223819173368,4.451588377072079,0.03486880029719246,False,1.5959601838653252,1.077071020387505,2.3648291155090773,0.6744246595448595,False,1
SKIN DISORDER,94,397209,1.6106584964628852,1.296878715096066,2.0003572901849314,True,1.6089185704628395,18.942454515289413,1.3472103931293268e-05,False,1.5271704102454973,1.2894261540967105,1.8087499268721017,0.6108610551268555,False,1
SKIN LESION,87,397209,1.7514772233581646,1.396551916454259,2.1966046716909866,True,1.7494955156672138,24.152142524207836,8.901707785312131e-07,False,1.6409038094521142,1.3762870039043054,1.9563981235280758,0.714490669873062,False,1
INJECTION SITE OEDEMA,4,397209,2.9442143874859794,0.977097179909242,8.871582620149011,False,2.9439786608468976,4.053841392533961,0.04407095154660846,True,2.165456696390442,0.9971748460022127,4.702487956592321,1.114671322473633,False,1
ILLNESS,572,397209,1.2978632928874652,1.1892939368810853,1.4163438278699627,True,1.2926989206789348,34.40799423009532,4.4688399685185056e-09,False,1.2617296363529031,1.1778993539029834,1.3515260620325882,0.3354028024914957,False,1
INCORRECT DOSE ADMINISTERED,962,397209,1.9381888653871624,1.8082552683758737,2.077458942666226,True,1.91083177743886,361.9826943599887,1.0419843934541403e-80,False,1.7757259478277245,1.6840240092195098,1.872421428985491,0.8284089441779863,False,1
INCORRECT ROUTE OF PRODUCT ADMINISTRATION,62,397209,1.4665621179771442,1.124964962588996,1.9118857185878415,True,1.4656853075950829,8.109162652916238,0.004404206637255528,False,1.4064802342165688,1.1422641916064258,1.7318118380826304,0.4920892780716618,False,1
INCREASED VISCOSITY OF UPPER RESPIRATORY SECRETION,4,397209,2.9442143874859794,0.977097179909242,8.871582620149011,False,2.9439786608468976,4.053841392533961,0.04407095154660846,True,2.165456696390442,0.9971748460022127,4.702487956592321,1.114671322473633,False,1
HYPERSENSITIVITY,372,397209,1.4014141000831493,1.2573788263022443,1.5619489042038097,True,1.3968878339732729,37.550038549935735,8.909765955558594e-10,False,1.3516706487459647,1.2412380741572517,1.4719283759659096,0.43474366396868674,False,1
EYE PAIN,169,397209,1.6648004159406362,1.4156583999378383,1.9577889871156875,True,1.6613949032161364,38.8032133239568,4.687555697146454e-10,False,1.572214988371955,1.3856006901414835,1.7839627154119166,0.65279850859583,False,1
DYSPNOEA,1522,397209,1.9041315701857988,1.8012909275206608,2.012843667385123,True,1.8624205505191387,534.265011916398,3.3348730556631017e-118,False,1.7375112309068765,1.6657826253991541,1.8123284704113964,0.7970223031433622,False,1
DYSPNOEA EXERTIONAL,116,397209,1.6049188481799967,1.3204891551206728,1.9506139064110841,True,1.602791886693868,23.01669266896075,1.606008579933707e-06,False,1.52293189984081,1.3076492393817405,1.7736572635099908,0.606851431018533,False,1
EAR INFECTION,97,397209,1.7237876237752485,1.3913342731469958,2.1356792750887568,True,1.7216595464357862,25.429482225977026,4.588518377013686e-07,False,1.6191170762937546,1.3706503841566946,1.9126249385316172,0.695207308853321,False,1
EMPHYSEMA,19,397209,1.8404707024141695,1.1322511627575627,2.9916793357007143,True,1.839986663029311,6.247156119126141,0.012439286464849196,False,1.6888110138490746,1.1635848120466104,2.451117108929479,0.7560078925930805,False,1
DISCOMFORT,278,397209,1.9068356419905128,1.6781296671229722,2.166711093189276,True,1.8991941546614424,101.4657685668546,7.270914677826223e-24,False,1.7647802573301576,1.5991212232223286,1.9476005392427278,0.819488556643025,False,1
DRUG INEFFECTIVE,2037,397209,1.113730715605936,1.0625823880101046,1.1673411124449342,True,1.106708513560248,20.184841493752486,7.030787428531686e-06,False,1.096959936512318,1.057702824997108,1.1376740932089302,0.13351083617823448,False,1
SLEEP DISORDER,255,397209,1.7338363698471078,1.5187007307590872,1.9794476268553733,True,1.728164269143552,67.97025106347233,1.6598093190950913e-16,False,1.6276016230229093,1.4684310005212413,1.8040255499417244,0.7027476241614785,False,1
STREPTOCOCCAL INFECTION,18,397209,1.9112525632860453,1.1586682848550134,3.152659314503091,True,1.9107553808381308,6.663122919001127,0.009842827479097371,False,1.7398733729899551,1.1869151198813794,2.550442995740065,0.7989823113572804,False,1
STRESS,234,397209,1.7250771295079406,1.5023935609397152,1.980766678000137,True,1.7199342709009007,61.27906867851187,4.953182851474961e-15,False,1.6207398880205288,1.4556615314101762,1.8045388491348522,0.6966525718091232,False,1
ARTHRALGIA,1337,397209,1.7706091975721283,1.6694889449195052,1.877854261968877,True,1.7393793319374418,372.2251872681386,6.1334628254284965e-83,False,1.6383518434556215,1.5662916342703763,1.7137273188621793,0.7122452155257437,False,1
VIRAL INFECTION,96,397209,1.267004332782542,1.0254707558074267,1.5654273612373923,True,1.2662273810094182,4.832035275317077,0.027935633825359543,False,1.2373030685178115,1.0465274316528228,1.462855952992795,0.30719892140925364,False,1
VISION BLURRED,402,397209,1.9677408610067118,1.7686550047392493,2.18923650214434,True,1.9559488017746578,160.63074963617976,8.238322369459547e-37,False,1.8102471642518272,1.667739678060043,1.9649318408576004,0.8561866908422212,False,1
ACNE,105,397209,1.2512761059240247,1.0222743058842982,1.5315770769588308,True,1.2504763729325414,4.7443552216635165,0.02939456705345386,False,1.2236870259324366,1.0425960027826928,1.4362321871931014,0.2912346169585424,False,1
